,Monthly_Usage_kWh,Year,Household_Size,Income_Level,Adoption_Year,Cost_Savings_USD,Energy_Source_Geothermal,Energy_Source_Hydro,Energy_Source_Solar,Energy_Source_Wind,Urban_Rural_Urban,Subsidy_Received_Yes
0,1043.49,2024,5,1,2012,10.46,False,True,False,False,True,False
1,610.01,2024,4,0,2023,43.49,True,False,False,False,False,False
2,1196.75,2024,8,1,2017,93.28,False,False,False,False,False,True
3,629.67,2024,7,0,2023,472.85,False,False,False,False,True,False
4,274.46,2022,7,2,2010,65.98,False,True,False,False,False,False
5,375.99,2022,2,0,2011,20.93,False,False,False,False,True,False
6,547.5,2020,8,0,2012,21.99,True,False,False,False,False,True
7,759.23,2024,4,1,2020,127.02,True,False,False,False,True,True
8,571.7,2021,6,1,2021,199.2,False,False,False,False,False,True
9,851.77,2023,8,0,2019,108.09,True,False,False,False,True,True
10,385.35,2024,8,2,2018,190.91,False,False,False,True,True,False
11,1315.9,2023,7,2,2015,309.88,False,True,False,False,False,True
12,60.12,2020,5,2,2019,445.11,False,False,False,True,False,True
13,1001.42,2021,8,2,2021,483.41,True,False,False,False,True,True
14,1349.51,2020,2,1,2012,340.29,False,False,False,False,False,True
15,764.42,2022,7,0,2022,391.14,True,False,False,False,False,False
16,745.47,2024,5,1,2010,378.25,False,False,False,True,True,True
17,598.71,2022,3,0,2012,181.65,False,True,False,False,False,True
18,733.7,2022,3,1,2019,168.73,False,False,False,True,False,True
19,336.45,2022,2,0,2013,489.73,False,False,True,False,False,False
20,880.87,2024,4,2,2020,483.96,False,False,True,False,True,False
21,1311.18,2020,1,0,2018,88.96,False,False,True,False,False,False
22,130.66,2021,4,2,2010,420.79,False,True,False,False,True,False
23,124.44,2020,6,0,2013,217.69,False,False,True,False,False,True
24,1377.88,2023,4,1,2020,228.95,False,False,False,True,False,True
25,59.94,2020,8,2,2014,14.19,False,False,False,False,False,True
26,1185.31,2022,7,0,2014,25.91,True,False,False,False,True,True
27,496.13,2020,3,0,2011,305.75,False,False,True,False,True,True
28,1313.73,2020,8,0,2014,38.77,False,False,False,True,False,False
29,1212.39,2023,8,0,2023,349.67,False,True,False,False,False,False
30,632.76,2023,6,1,2010,47.87,False,False,False,True,False,False
31,1062.08,2022,5,2,2015,84.08,False,False,False,True,True,False
32,1003.4,2023,1,1,2019,168.1,True,False,False,False,False,True
33,1311.28,2023,6,1,2019,467.23,False,False,True,False,False,True
34,1363.84,2021,1,1,2021,49.93,False,False,True,False,False,True
35,1237.8,2021,8,1,2020,310.58,False,False,False,False,True,False
36,367.1,2020,6,0,2014,27.82,False,True,False,False,False,True
37,128.28,2020,3,2,2015,135.61,False,False,False,False,True,True
38,396.76,2020,5,0,2014,392.42,False,False,True,False,True,False
39,228.6,2024,2,0,2014,186.42,False,False,False,False,False,True
40,1450.44,2023,1,1,2019,134.22,False,False,True,False,False,False
41,1352.55,2022,4,1,2017,143.43,False,False,True,False,True,True
42,1213.95,2024,5,0,2016,312.68,True,False,False,False,True,False
43,1468.33,2023,1,0,2010,156.85,False,False,True,False,False,True
44,138.11,2022,2,0,2013,218.23,False,False,True,False,False,False
45,1190.76,2022,4,2,2011,155.12,False,False,False,False,False,True
46,508.24,2021,8,1,2014,370.51,True,False,False,False,False,True
47,479.92,2022,6,0,2011,158.06,True,False,False,False,True,True
48,286.32,2020,3,1,2020,434.88,False,False,True,False,True,True
49,889.87,2024,4,2,2020,234.43,True,False,False,False,False,False
50,1413.96,2024,1,2,2011,324.11,False,True,False,False,False,True
51,505.08,2020,8,1,2015,101.53,False,False,False,True,True,True
52,257.72,2024,2,1,2012,135.01,False,False,False,False,False,True
53,321.96,2024,2,2,2021,274.07,False,False,False,True,True,False
54,659.74,2020,1,2,2011,408.35,False,False,False,True,True,False
55,1343.62,2023,7,0,2021,268.8,False,False,False,False,False,False
56,446.89,2024,8,0,2017,426.87,False,False,True,False,True,True
57,1138.1,2023,2,2,2021,27.22,False,False,False,False,True,False
58,565.18,2021,6,0,2015,396.74,False,False,False,True,True,True
59,1367.76,2021,2,1,2011,372.64,False,False,True,False,True,True
60,97.28,2022,7,1,2012,323.83,False,False,True,False,False,False
61,92.4,2021,6,1,2010,249.18,False,True,False,False,True,False
62,573.54,2023,1,2,2018,139.96,True,False,False,False,True,False
63,225.32,2023,2,1,2012,231.42,False,False,False,True,False,False
64,552.34,2023,2,1,2014,325.75,True,False,False,False,False,True
65,938.79,2022,4,1,2021,432.85,False,False,False,False,True,True
66,158.61,2023,1,1,2019,202.18,False,True,False,False,False,True
67,1107.13,2022,2,2,2016,119.49,False,False,False,True,False,True
68,1472.46,2023,2,2,2013,78.66,False,False,True,False,False,False
69,915.26,2020,6,2,2014,238.18,False,False,True,False,False,True
70,1487.76,2023,7,0,2023,278.7,True,False,False,False,True,True
71,1067.49,2023,6,0,2022,148.85,True,False,False,False,True,True
72,262.1,2022,6,0,2011,34.94,True,False,False,False,False,False
73,353.84,2021,8,2,2013,447.73,False,False,False,True,True,False
74,141.67,2020,7,2,2018,336.72,False,False,False,False,False,False
75,480.38,2023,3,2,2013,312.34,False,False,True,False,True,False
76,1070.46,2024,6,1,2023,435.48,False,False,False,True,False,False
77,362.72,2020,4,1,2020,437.57,False,True,False,False,False,True
78,1014.23,2023,1,0,2023,388.25,False,False,False,True,True,False
79,173.5,2020,8,1,2018,426.4,False,False,False,False,True,True
80,1315.86,2021,1,2,2010,406.14,True,False,False,False,True,False
81,290.7,2021,3,1,2014,31.15,False,False,False,True,False,True
82,1346.3,2023,3,1,2021,439.83,False,False,True,False,True,True
83,517.87,2023,1,1,2019,226.61,False,False,False,True,False,True
84,620.95,2021,4,0,2014,210.43,True,False,False,False,False,True
85,755.88,2020,1,0,2016,94.79,False,False,True,False,False,False
86,1336.27,2022,6,1,2015,216.19,False,False,False,False,True,False
87,801.46,2021,2,0,2018,403.96,False,False,False,True,True,False
88,1181.83,2020,8,1,2012,230.34,False,False,False,True,True,False
89,508.47,2024,2,1,2014,394.27,False,True,False,False,True,True
90,1131.03,2024,6,2,2020,242.41,False,True,False,False,True,True
91,1337.29,2021,8,0,2013,72.06,False,False,False,False,False,False
92,312.43,2024,6,2,2022,290.55,True,False,False,False,False,True
93,1086.7,2024,4,1,2012,349.26,False,False,True,False,True,False
94,1377.82,2023,5,2,2019,190.78,False,False,False,False,True,False
95,195.58,2020,1,2,2013,29.13,False,False,True,False,False,False
96,1359.83,2020,3,2,2018,67.58,False,False,False,False,False,True
97,790.41,2024,7,2,2015,467.87,False,False,False,True,False,True
98,783.83,2022,2,1,2011,373.55,False,False,False,False,True,True
99,1199.26,2020,3,2,2013,446.3,True,False,False,False,True,True
100,617.86,2022,2,0,2011,59.81,False,False,True,False,False,False
101,56.77,2021,7,1,2019,346.91,False,False,False,False,False,True
102,349.19,2023,8,2,2018,291.84,False,False,True,False,False,False
103,126.98,2021,5,1,2015,188.27,False,False,False,False,True,False
104,1380.58,2023,7,1,2022,477.47,False,True,False,False,False,True
105,1148.49,2024,7,0,2011,230.07,False,False,False,True,True,True
106,275.6,2021,3,2,2010,334.9,False,False,False,False,True,False
107,657.47,2024,8,0,2013,174.62,False,False,False,False,False,True
108,68.97,2021,7,0,2021,222.89,False,False,False,True,True,False
109,397.97,2024,5,1,2022,164.82,False,True,False,False,True,True
110,1404.65,2020,6,0,2012,240.32,True,False,False,False,False,True
111,120.82,2022,6,0,2010,170.0,False,True,False,False,False,True
112,685.94,2023,4,2,2021,370.77,False,False,False,False,True,True
113,87.36,2024,3,2,2023,295.17,False,False,False,True,True,True
114,589.71,2021,5,2,2017,450.44,False,False,False,True,False,True
115,725.7,2022,7,0,2015,180.48,False,False,False,True,False,False
116,327.66,2021,5,2,2015,261.31,False,False,False,True,True,False
117,288.77,2020,8,0,2017,247.52,False,True,False,False,False,True
118,539.38,2023,3,0,2021,395.61,False,True,False,False,True,False
119,539.33,2024,5,2,2010,239.05,False,False,True,False,True,True
120,1277.1,2022,1,1,2014,407.61,False,False,False,True,False,True
121,928.64,2020,7,2,2017,254.12,False,False,True,False,False,False
122,370.61,2021,1,2,2017,472.89,False,False,True,False,False,True
123,1365.93,2022,6,1,2017,73.2,False,True,False,False,True,True
124,573.27,2020,7,0,2019,205.23,False,False,True,False,True,False
125,484.11,2022,8,1,2013,119.54,False,True,False,False,False,False
126,682.51,2020,3,2,2016,47.93,False,False,True,False,False,False
127,645.39,2020,3,0,2012,231.35,False,False,False,False,True,False
128,1304.44,2023,6,0,2014,214.29,False,False,False,False,False,True
129,490.87,2022,5,1,2021,70.79,False,True,False,False,False,True
130,1489.82,2020,5,2,2017,490.12,False,False,False,True,True,False
131,619.75,2022,7,0,2012,104.69,False,False,False,False,True,False
132,429.18,2021,7,2,2016,120.5,False,False,False,False,True,False
133,308.49,2020,7,0,2011,337.7,False,False,True,False,True,True
134,665.01,2020,2,1,2020,497.64,True,False,False,False,False,True
135,1093.44,2022,2,2,2016,281.95,False,False,True,False,False,False
136,493.6,2022,5,0,2010,321.36,False,True,False,False,True,True
137,983.71,2023,4,0,2011,59.34,False,False,False,False,False,False
138,1457.1,2022,6,0,2020,243.14,False,False,False,False,False,False
139,75.48,2022,5,2,2010,292.48,True,False,False,False,False,True
140,1308.61,2023,7,0,2013,38.66,False,True,False,False,False,False
141,1479.75,2021,2,1,2011,463.78,False,False,False,True,True,False
142,305.57,2021,5,2,2012,149.72,False,True,False,False,False,False
143,878.96,2021,1,0,2014,357.61,False,False,True,False,False,True
144,602.44,2020,5,1,2013,460.76,False,False,False,False,False,True
145,431.34,2024,3,0,2019,340.09,False,False,False,False,True,True
146,195.3,2022,3,0,2016,132.92,False,False,False,True,False,False
147,157.2,2021,4,1,2017,321.34,False,False,False,False,False,True
148,1457.7,2020,1,2,2019,422.2,True,False,False,False,True,True
149,473.01,2020,5,0,2015,102.69,True,False,False,False,False,False
150,940.32,2021,7,2,2014,323.03,True,False,False,False,False,False
151,1427.43,2022,8,2,2010,80.32,False,False,False,False,False,True
152,298.6,2022,6,2,2016,108.45,False,False,False,False,False,False
153,600.31,2022,1,1,2012,18.8,False,False,False,False,True,True
154,1099.42,2021,6,2,2014,107.82,False,False,False,False,True,False
155,524.26,2021,1,1,2011,163.98,False,False,True,False,True,False
156,206.02,2020,5,0,2016,417.95,False,False,False,True,False,False
157,188.5,2021,5,2,2017,335.72,False,False,False,False,True,False
158,748.91,2022,4,0,2019,363.23,False,False,False,False,False,True
159,759.41,2020,4,1,2010,170.76,False,True,False,False,True,True
160,300.42,2020,4,1,2015,10.46,True,False,False,False,False,False
161,1477.01,2020,4,2,2015,16.2,True,False,False,False,False,True
162,1122.91,2024,2,1,2020,105.34,False,False,False,True,True,True
163,1322.08,2023,4,2,2017,396.55,True,False,False,False,False,True
164,1347.12,2022,6,2,2014,253.14,False,False,False,True,True,False
165,1204.33,2020,5,1,2013,426.44,False,False,False,True,True,True
166,691.98,2021,2,1,2018,431.92,False,False,True,False,True,False
167,1190.35,2020,2,0,2010,375.89,False,False,False,True,False,True
168,980.81,2021,1,0,2014,348.75,False,True,False,False,False,True
169,442.81,2023,7,1,2020,424.1,False,False,False,True,False,False
170,768.12,2021,6,2,2014,387.81,True,False,False,False,True,True
171,143.44,2022,4,1,2022,269.71,False,True,False,False,True,False
172,1439.77,2021,4,1,2021,398.44,False,False,False,False,False,False
173,99.95,2022,3,2,2018,378.59,False,False,True,False,False,False
174,1245.99,2023,7,1,2014,243.14,False,False,False,True,True,True
175,348.69,2022,7,0,2017,405.3,False,True,False,False,True,True
176,482.53,2022,1,0,2016,139.24,False,False,False,True,True,False
177,1204.33,2022,5,1,2018,309.6,False,False,False,True,False,True
178,161.1,2021,8,0,2014,185.25,False,False,True,False,False,False
179,150.6,2021,5,2,2010,375.9,False,True,False,False,False,False
180,656.74,2020,6,1,2010,466.53,False,False,True,False,True,True
181,858.65,2022,6,2,2010,490.87,False,False,True,False,False,False
182,1288.23,2020,3,2,2015,124.4,True,False,False,False,False,True
183,514.0,2021,2,0,2014,191.36,False,True,False,False,False,False
184,1139.52,2020,1,0,2012,78.2,False,True,False,False,True,False
185,917.53,2022,3,1,2010,371.04,False,False,True,False,False,True
186,1189.18,2020,6,1,2014,261.48,False,True,False,False,True,False
187,1196.7,2022,3,2,2014,164.57,False,True,False,False,True,False
188,991.34,2023,2,0,2015,483.79,False,False,True,False,False,False
189,1237.14,2024,5,2,2012,363.87,False,False,False,False,True,False
190,330.02,2024,5,2,2018,299.95,False,False,False,True,True,True
191,1105.8,2022,7,2,2019,386.36,False,False,True,False,True,False
192,248.02,2021,1,0,2015,45.92,False,False,False,True,False,False
193,412.84,2022,1,0,2011,499.53,False,True,False,False,True,False
194,1014.85,2022,1,0,2022,182.93,False,False,True,False,False,False
195,617.8,2024,2,2,2015,453.2,False,False,False,True,False,False
196,810.14,2020,6,1,2011,251.37,False,False,False,True,True,True
197,543.08,2021,6,2,2017,28.77,False,True,False,False,False,True
198,1358.1,2023,7,2,2013,181.69,False,False,True,False,True,True
199,402.76,2022,6,2,2021,393.17,False,False,False,False,True,False
200,856.3,2020,5,2,2017,84.45,False,False,False,False,True,True
201,1291.72,2022,4,1,2020,114.67,False,True,False,False,False,True
202,1305.62,2021,4,0,2010,212.16,False,False,True,False,True,True
203,991.41,2022,5,1,2020,414.42,False,False,False,True,False,True
204,936.5,2022,8,0,2022,131.42,False,False,False,False,False,True
205,605.54,2023,5,1,2012,28.81,False,False,False,False,False,True
206,336.67,2024,4,0,2016,323.93,False,False,True,False,True,False
207,649.48,2022,1,1,2012,369.0,False,False,False,False,True,True
208,1389.41,2024,8,0,2020,141.18,False,False,False,False,True,False
209,366.66,2024,7,2,2022,75.84,False,False,True,False,False,False
210,1463.07,2020,6,2,2018,495.81,False,False,False,True,True,True
211,824.46,2024,2,2,2017,137.17,False,True,False,False,False,False
212,820.82,2023,2,0,2016,345.47,False,True,False,False,True,False
213,634.36,2023,5,0,2022,93.87,True,False,False,False,False,True
214,1178.89,2022,5,1,2015,279.53,False,False,False,True,True,True
215,436.7,2022,2,1,2014,34.98,False,False,False,True,False,True
216,688.03,2024,3,2,2016,43.2,False,True,False,False,True,False
217,227.55,2022,2,0,2010,285.05,False,False,False,False,True,False
218,206.02,2021,5,0,2021,134.83,False,False,True,False,True,False
219,1406.89,2024,5,1,2021,108.08,True,False,False,False,False,True
220,1086.68,2023,1,0,2023,235.96,False,False,False,False,False,False
221,297.93,2024,3,1,2014,82.17,False,False,True,False,True,False
222,1450.34,2023,6,1,2019,417.6,False,True,False,False,True,False
223,964.18,2020,8,2,2011,426.43,False,False,True,False,True,False
224,438.89,2022,1,1,2020,72.15,False,False,False,True,False,False
225,723.04,2023,5,1,2023,494.05,False,True,False,False,True,True
226,1300.37,2023,4,1,2023,456.18,False,True,False,False,False,False
227,50.83,2022,3,2,2014,371.3,False,False,False,True,True,False
228,834.24,2023,8,1,2018,309.85,False,False,False,False,False,False
229,1044.26,2024,4,1,2013,204.81,False,True,False,False,True,True
230,1055.41,2021,3,1,2014,309.72,False,False,True,False,False,True
231,327.32,2024,2,0,2024,107.67,False,False,True,False,True,False
232,1204.9,2023,5,1,2011,440.7,False,False,False,True,True,False
233,688.75,2021,2,0,2010,166.82,False,True,False,False,False,True
234,757.05,2024,8,1,2017,171.49,True,False,False,False,False,False
235,1418.5,2020,3,2,2012,33.3,False,False,False,False,True,False
236,171.0,2023,6,1,2018,451.73,False,False,False,False,False,True
237,949.12,2020,7,1,2012,39.66,False,False,False,True,False,False
238,1303.48,2022,6,2,2021,336.09,False,False,False,False,True,False
239,1119.57,2023,7,2,2015,352.97,False,False,True,False,True,True
240,1106.35,2024,8,0,2021,480.46,False,False,False,False,True,False
241,1220.52,2021,1,1,2017,483.75,False,False,False,False,False,False
242,1249.39,2022,3,0,2022,109.33,False,False,False,False,False,True
243,401.68,2022,6,1,2014,18.18,True,False,False,False,True,True
244,169.12,2023,4,1,2013,477.7,False,False,False,True,False,False
245,452.9,2024,1,1,2020,45.42,False,False,False,True,False,True
246,59.86,2022,4,0,2016,176.06,False,False,False,False,False,False
247,636.26,2024,7,0,2024,186.07,False,False,False,False,True,True
248,934.34,2023,7,1,2020,88.55,True,False,False,False,False,True
249,386.31,2022,7,1,2010,259.3,False,False,False,True,False,False
250,722.37,2022,6,1,2022,33.46,False,False,True,False,False,False
251,650.58,2023,7,0,2015,44.83,True,False,False,False,True,False
252,927.42,2021,7,2,2015,131.94,False,True,False,False,True,True
253,232.61,2021,4,0,2017,297.03,True,False,False,False,True,False
254,506.99,2024,7,2,2012,420.11,True,False,False,False,True,True
255,63.29,2023,5,0,2015,367.6,False,False,True,False,True,False
256,1260.31,2020,8,0,2020,115.19,False,False,False,True,True,True
257,1130.75,2022,3,1,2019,277.13,False,True,False,False,False,False
258,121.61,2024,7,2,2014,55.92,True,False,False,False,False,False
259,987.68,2024,2,1,2012,36.15,False,False,False,False,False,False
260,1204.29,2021,4,2,2013,221.0,True,False,False,False,True,True
261,104.48,2020,2,2,2015,411.86,False,False,False,True,False,True
262,671.85,2023,3,1,2018,288.2,False,False,False,True,True,True
263,1348.59,2022,1,2,2018,198.37,False,False,True,False,False,False
264,1346.71,2020,7,0,2020,444.98,True,False,False,False,False,True
265,493.52,2020,8,1,2012,94.78,False,True,False,False,True,True
266,814.9,2021,3,0,2016,144.24,False,True,False,False,True,False
267,1051.38,2021,6,1,2010,103.64,False,False,False,True,False,True
268,1356.79,2022,1,2,2019,140.64,False,True,False,False,False,False
269,896.84,2022,8,1,2021,153.08,True,False,False,False,True,False
270,788.91,2022,7,2,2013,227.15,False,False,False,False,False,False
271,1016.87,2020,5,0,2013,458.14,False,False,False,False,False,True
272,636.58,2020,2,0,2019,342.99,False,False,False,True,True,False
273,1052.19,2022,2,0,2010,350.96,False,False,False,False,False,False
274,630.46,2023,5,2,2022,156.42,False,True,False,False,True,False
275,743.76,2024,4,1,2016,283.81,True,False,False,False,False,False
276,923.41,2023,5,0,2014,88.55,False,False,False,True,True,True
277,962.13,2020,2,1,2015,24.26,False,True,False,False,True,False
278,1226.99,2021,2,1,2020,224.67,False,False,False,True,True,False
279,863.6,2023,4,2,2018,186.74,False,False,False,True,True,False
280,102.88,2023,6,0,2021,320.09,True,False,False,False,True,True
281,139.37,2020,3,0,2019,184.84,False,True,False,False,True,False
282,247.39,2020,2,0,2016,218.29,True,False,False,False,True,True
283,541.42,2023,2,0,2021,91.75,True,False,False,False,True,False
284,435.98,2021,7,1,2020,470.71,False,False,False,True,False,True
285,1069.45,2020,6,2,2012,42.4,False,False,False,False,False,False
286,189.94,2023,4,1,2023,242.27,False,True,False,False,True,False
287,753.77,2024,1,2,2018,384.41,False,False,False,True,False,False
288,970.06,2021,4,0,2010,135.49,False,True,False,False,False,False
289,1074.95,2020,3,1,2014,71.74,False,False,True,False,True,True
290,441.12,2023,5,0,2017,289.05,False,False,False,False,True,True
291,1069.03,2020,4,1,2015,448.16,False,False,False,True,False,False
292,1334.84,2024,2,1,2017,288.19,False,True,False,False,False,True
293,666.08,2021,3,1,2012,484.71,False,False,False,True,False,True
294,303.95,2024,6,2,2024,173.17,False,False,False,True,False,False
295,482.54,2023,4,0,2023,178.6,False,True,False,False,False,False
296,352.75,2023,2,0,2021,48.68,False,True,False,False,True,True
297,564.89,2023,7,2,2016,466.41,False,True,False,False,True,True
298,311.03,2020,6,2,2017,376.79,False,False,False,False,False,False
299,1462.29,2020,6,2,2010,62.87,True,False,False,False,False,True
300,1239.31,2023,1,1,2021,438.38,True,False,False,False,True,False
301,66.76,2020,8,2,2016,236.27,False,False,False,True,True,True
302,791.42,2020,3,2,2017,401.91,False,False,False,True,True,False
303,1213.31,2023,3,0,2013,261.36,False,False,True,False,False,True
304,223.27,2020,1,0,2012,133.06,False,False,False,True,False,True
305,732.01,2023,2,2,2020,277.2,False,False,True,False,True,False
306,480.34,2023,3,2,2016,423.31,True,False,False,False,False,True
307,1363.93,2024,5,2,2019,316.91,False,False,False,True,False,False
308,682.0,2022,1,1,2010,435.15,False,True,False,False,True,True
309,637.15,2021,1,1,2018,163.19,True,False,False,False,False,False
310,1292.66,2024,1,1,2010,12.59,False,False,False,False,True,True
311,976.96,2022,4,2,2016,278.54,False,True,False,False,False,True
312,1111.49,2024,1,2,2017,428.61,False,False,True,False,False,True
313,624.94,2022,6,0,2016,34.12,False,True,False,False,True,True
314,1182.96,2021,8,1,2019,285.45,False,False,False,True,False,False
315,273.13,2024,5,2,2015,144.18,True,False,False,False,False,False
316,143.22,2022,4,0,2019,427.53,False,True,False,False,False,True
317,971.3,2023,6,2,2014,22.58,True,False,False,False,True,False
318,1269.33,2023,4,1,2018,45.36,False,False,False,True,True,False
319,1184.46,2021,8,1,2017,404.76,False,False,False,False,False,False
320,67.68,2024,7,2,2024,142.29,False,False,False,False,False,False
321,1401.59,2022,2,1,2019,301.45,False,False,False,True,True,False
322,339.85,2023,3,1,2020,415.95,False,False,True,False,False,True
323,1068.06,2020,1,0,2015,56.41,False,False,False,False,True,False
324,1497.34,2023,5,1,2021,235.99,False,False,True,False,False,False
325,662.8,2022,1,1,2014,346.03,False,False,False,True,False,False
326,1032.68,2023,8,0,2019,246.73,False,False,False,True,True,False
327,514.99,2022,3,2,2017,231.11,False,True,False,False,True,True
328,1464.6,2023,7,2,2022,414.96,False,True,False,False,True,False
329,452.94,2020,6,0,2017,388.41,False,False,False,False,True,False
330,997.6,2024,7,0,2012,399.65,False,False,True,False,False,False
331,973.66,2023,5,1,2018,176.22,False,False,True,False,True,True
332,777.98,2022,8,2,2013,29.8,False,True,False,False,True,True
333,650.14,2022,5,2,2013,67.96,False,True,False,False,True,True
334,770.93,2023,4,1,2011,467.96,False,False,False,True,False,False
335,857.44,2022,6,2,2012,317.47,True,False,False,False,True,True
336,437.07,2021,1,0,2010,160.28,False,False,False,False,False,True
337,545.68,2021,8,2,2021,300.24,False,False,True,False,False,False
338,1119.18,2023,2,2,2019,427.27,True,False,False,False,False,True
339,1041.18,2024,5,1,2019,226.54,True,False,False,False,True,True
340,129.37,2021,2,2,2012,230.13,False,False,False,False,True,True
341,1233.7,2024,4,1,2010,90.77,False,True,False,False,True,False
342,990.28,2024,6,0,2016,448.87,False,False,True,False,True,False
343,417.55,2020,5,2,2012,239.94,True,False,False,False,False,False
344,173.88,2022,6,0,2021,163.85,False,False,True,False,False,True
345,1067.66,2021,2,0,2014,235.07,True,False,False,False,True,False
346,1154.88,2024,6,1,2011,261.48,False,True,False,False,False,True
347,975.34,2023,7,0,2010,362.92,False,False,True,False,True,False
348,626.09,2024,7,2,2013,90.25,False,False,False,True,False,True
349,53.61,2024,2,2,2014,39.22,False,True,False,False,True,True
350,929.49,2021,7,0,2018,87.19,False,False,False,True,False,True
351,416.11,2020,4,2,2020,159.74,False,False,False,False,False,False
352,894.85,2022,2,2,2020,498.9,False,False,False,True,False,True
353,1209.64,2020,2,2,2010,28.4,False,False,False,True,False,False
354,615.12,2023,3,1,2023,358.32,False,False,False,True,False,False
355,542.9,2024,8,0,2014,188.29,True,False,False,False,True,True
356,478.87,2022,4,2,2011,141.9,False,False,False,True,True,True
357,589.55,2022,8,2,2015,215.86,False,False,False,True,True,False
358,105.55,2024,2,1,2017,440.28,False,False,False,True,False,False
359,289.49,2020,5,0,2017,247.73,True,False,False,False,False,False
360,117.21,2020,7,1,2014,335.33,False,False,True,False,True,True
361,402.77,2022,1,1,2011,12.86,False,False,True,False,True,False
362,742.93,2021,7,0,2017,259.85,False,True,False,False,True,True
363,1488.85,2020,2,2,2015,367.18,False,False,True,False,True,False
364,93.69,2023,3,2,2011,88.63,False,True,False,False,False,False
365,826.07,2022,4,2,2014,343.09,False,False,True,False,True,True
366,1389.49,2021,7,0,2014,168.62,False,False,False,True,True,True
367,516.85,2022,6,2,2013,498.33,False,True,False,False,True,True
368,972.9,2021,8,1,2015,105.19,False,True,False,False,False,True
369,1328.57,2020,8,0,2019,181.35,False,False,True,False,False,False
370,922.15,2022,8,1,2018,229.09,False,True,False,False,False,True
371,1108.74,2024,8,0,2012,323.78,False,True,False,False,True,True
372,948.93,2024,7,0,2024,354.47,False,False,False,True,False,False
373,115.59,2021,7,1,2015,462.45,False,False,False,False,True,False
374,139.39,2023,5,0,2023,199.14,False,False,True,False,True,False
375,1446.24,2021,7,0,2011,183.01,False,False,True,False,False,True
376,408.96,2021,7,2,2016,173.41,False,False,False,False,True,False
377,618.36,2020,5,0,2012,338.2,True,False,False,False,True,False
378,503.53,2022,1,2,2021,248.47,False,False,False,True,False,False
379,260.84,2021,7,2,2015,60.73,False,False,False,True,True,True
380,816.88,2024,8,0,2024,46.98,False,False,False,True,False,False
381,1440.23,2021,5,0,2020,380.51,False,False,False,False,True,False
382,589.43,2021,3,2,2016,100.27,False,False,True,False,False,False
383,62.63,2022,4,0,2014,179.67,False,False,False,False,True,True
384,1443.35,2020,1,0,2019,399.21,False,False,False,True,True,False
385,70.26,2022,3,0,2010,275.99,False,True,False,False,False,True
386,551.06,2022,5,2,2013,387.12,False,False,False,True,False,True
387,470.67,2021,7,1,2018,133.63,False,True,False,False,False,False
388,518.26,2022,3,1,2018,108.91,False,False,False,True,True,False
389,979.51,2022,8,2,2018,378.39,False,False,False,False,False,False
390,1202.47,2022,8,2,2017,19.79,False,True,False,False,True,False
391,1343.68,2024,5,0,2017,367.06,False,False,False,False,False,True
392,696.89,2023,7,1,2015,480.18,False,False,True,False,True,False
393,462.27,2021,1,2,2017,267.83,False,True,False,False,False,True
394,968.32,2021,8,0,2016,165.37,False,False,False,False,False,False
395,973.53,2024,6,2,2010,416.97,True,False,False,False,True,True
396,215.22,2021,7,2,2012,316.89,False,True,False,False,True,True
397,190.46,2020,2,1,2012,391.05,False,False,False,False,True,False
398,735.67,2023,3,0,2017,244.15,False,False,True,False,True,True
399,1262.01,2023,8,2,2013,467.2,False,False,False,True,True,False
400,1483.65,2020,7,2,2016,447.13,False,False,False,True,True,True
401,455.48,2022,3,1,2014,278.97,True,False,False,False,True,False
402,1027.3,2023,3,2,2012,136.71,False,True,False,False,True,True
403,313.78,2023,8,0,2011,171.08,True,False,False,False,True,False
404,188.49,2024,2,2,2022,484.19,False,True,False,False,False,False
405,841.26,2021,4,2,2011,388.6,True,False,False,False,False,True
406,978.88,2021,8,2,2010,367.33,False,False,False,True,True,True
407,1263.52,2022,4,2,2015,90.95,False,False,False,False,False,True
408,1016.41,2021,7,2,2020,226.29,False,False,True,False,False,False
409,194.84,2020,5,1,2012,29.87,True,False,False,False,True,True
410,360.11,2023,2,0,2020,29.0,True,False,False,False,True,False
411,1337.94,2021,3,0,2013,119.19,False,True,False,False,True,True
412,1298.34,2020,5,2,2011,224.2,False,True,False,False,True,True
413,525.54,2023,8,0,2022,61.35,False,False,False,False,False,True
414,402.64,2023,4,2,2014,192.03,False,False,False,False,False,True
415,1069.88,2024,7,2,2022,249.05,False,False,True,False,False,False
416,1326.24,2024,7,0,2012,31.21,True,False,False,False,False,True
417,396.8,2021,2,1,2010,314.17,False,False,False,True,True,False
418,1150.47,2020,5,2,2020,186.67,False,True,False,False,True,True
419,1430.71,2021,8,2,2013,285.73,False,False,False,True,False,False
420,899.32,2020,2,2,2016,265.92,False,False,True,False,True,True
421,917.22,2020,7,1,2018,488.18,False,True,False,False,False,False
422,423.94,2023,5,0,2015,278.61,True,False,False,False,False,True
423,1349.0,2020,4,2,2018,340.17,False,False,False,False,True,False
424,1403.61,2021,3,0,2011,444.74,False,False,False,True,True,True
425,1277.08,2021,7,2,2015,118.23,False,False,False,True,False,False
426,186.02,2022,5,1,2010,48.37,False,False,False,True,False,False
427,84.85,2021,3,0,2019,110.31,False,True,False,False,False,True
428,650.63,2024,2,1,2024,424.09,False,True,False,False,True,True
429,1335.43,2020,7,0,2010,194.18,False,False,False,True,False,False
430,887.04,2021,2,1,2016,268.71,True,False,False,False,False,True
431,1445.55,2022,2,1,2011,439.45,False,False,False,False,True,True
432,1325.18,2021,6,0,2017,180.7,False,True,False,False,False,False
433,805.86,2020,7,0,2011,51.4,False,False,True,False,True,True
434,602.96,2024,6,2,2019,22.03,False,False,False,False,False,False
435,1278.4,2022,6,2,2011,422.69,False,True,False,False,False,True
436,1416.64,2023,3,2,2016,110.43,True,False,False,False,False,False
437,81.89,2020,2,2,2020,94.04,False,False,False,False,True,True
438,157.05,2023,3,1,2022,276.16,False,False,False,True,False,False
439,1074.61,2023,4,2,2022,452.43,True,False,False,False,True,True
440,1015.24,2022,1,2,2010,303.53,True,False,False,False,False,True
441,165.64,2023,7,2,2018,148.68,False,False,False,True,False,True
442,71.81,2023,3,0,2014,308.49,False,False,False,True,False,True
443,177.58,2024,2,1,2021,366.25,False,True,False,False,False,False
444,737.57,2021,1,2,2014,79.69,False,False,True,False,True,True
445,98.8,2024,4,2,2019,173.92,False,True,False,False,True,True
446,152.93,2021,4,1,2016,219.23,False,False,False,False,True,False
447,488.04,2024,6,1,2014,125.36,False,False,False,True,True,True
448,607.36,2024,8,0,2020,70.41,False,True,False,False,True,True
449,834.37,2020,6,1,2015,211.56,False,False,True,False,True,True
450,781.9,2023,3,0,2023,419.91,False,False,True,False,False,True
451,1137.5,2021,6,1,2011,203.5,False,False,False,False,False,True
452,292.57,2021,5,0,2018,180.54,False,True,False,False,True,False
453,201.79,2020,4,2,2011,437.74,False,True,False,False,False,False
454,113.51,2020,1,2,2020,221.31,True,False,False,False,False,True
455,117.02,2024,8,2,2010,499.12,True,False,False,False,False,False
456,1204.8,2024,3,2,2013,339.92,True,False,False,False,True,False
457,862.04,2021,1,1,2012,370.63,False,True,False,False,True,False
458,663.16,2024,2,0,2023,301.93,False,True,False,False,False,True
459,844.42,2023,1,2,2017,440.91,False,False,False,True,True,False
460,172.96,2021,3,0,2020,275.14,False,False,False,False,False,False
461,533.4,2020,1,1,2015,344.13,False,False,True,False,False,False
462,131.5,2020,4,0,2010,493.71,True,False,False,False,True,False
463,890.67,2024,7,2,2013,330.75,False,True,False,False,False,False
464,690.66,2020,2,2,2014,42.35,False,False,False,True,False,True
465,175.4,2020,2,2,2017,44.64,False,False,False,True,False,False
466,1027.49,2020,1,1,2014,445.14,True,False,False,False,False,False
467,605.53,2022,6,2,2020,78.57,True,False,False,False,True,False
468,172.23,2023,5,0,2015,82.81,True,False,False,False,True,True
469,224.11,2020,3,0,2011,417.05,True,False,False,False,False,False
470,1244.82,2023,5,0,2013,54.72,False,True,False,False,False,True
471,1474.07,2023,7,2,2011,41.2,True,False,False,False,True,True
472,465.6,2021,5,2,2011,217.2,False,False,False,True,False,False
473,593.32,2024,1,0,2015,123.65,False,False,False,True,True,True
474,1005.19,2020,7,0,2017,214.47,False,False,True,False,False,False
475,1208.87,2024,6,2,2011,200.8,False,False,False,True,False,False
476,697.22,2024,1,2,2017,358.26,False,False,False,True,False,True
477,269.66,2021,4,2,2017,76.74,True,False,False,False,False,True
478,193.05,2024,5,0,2017,276.59,True,False,False,False,False,True
479,1092.98,2024,3,2,2021,52.92,True,False,False,False,False,False
480,524.35,2020,7,2,2020,36.4,False,False,True,False,True,False
481,1285.58,2021,3,2,2010,138.95,False,False,False,True,False,False
482,652.56,2023,2,1,2012,24.44,True,False,False,False,True,True
483,1103.59,2023,4,1,2017,179.78,False,False,False,False,True,False
484,986.98,2023,6,2,2011,308.38,False,True,False,False,False,True
485,421.09,2024,2,0,2012,19.08,False,False,False,False,False,False
486,866.97,2024,2,2,2015,341.45,False,False,False,False,False,True
487,315.99,2022,2,2,2010,406.22,False,False,False,True,True,True
488,629.57,2024,2,0,2011,446.65,False,True,False,False,True,True
489,1348.27,2022,3,2,2016,215.63,False,True,False,False,False,True
490,104.57,2023,7,0,2011,490.62,False,True,False,False,False,False
491,1055.72,2023,7,1,2016,333.97,True,False,False,False,True,True
492,1048.01,2020,7,1,2010,283.54,False,False,True,False,True,True
493,440.4,2021,3,1,2014,254.25,False,False,False,False,True,False
494,403.06,2020,1,2,2019,149.33,False,False,False,False,True,True
495,735.89,2022,8,0,2014,411.02,True,False,False,False,True,False
496,1163.88,2020,8,2,2013,193.41,False,True,False,False,True,False
497,359.67,2023,8,2,2010,251.84,True,False,False,False,False,True
498,790.8,2023,6,2,2013,346.91,False,False,True,False,False,True
499,1038.9,2021,3,1,2020,158.21,False,False,False,True,True,True
500,1272.03,2021,1,2,2011,119.72,True,False,False,False,True,False
501,1298.09,2020,1,0,2020,373.04,False,False,False,False,True,True
502,581.6,2023,3,1,2015,294.1,False,False,True,False,True,True
503,751.18,2022,6,0,2015,218.78,False,False,False,True,False,False
504,1278.07,2022,4,0,2015,117.22,False,False,False,False,True,False
505,1418.55,2024,5,2,2024,437.89,False,False,False,True,False,True
506,1330.02,2021,1,1,2016,88.81,False,True,False,False,False,True
507,699.03,2024,5,0,2022,285.64,False,False,False,False,True,True
508,1223.21,2024,2,2,2020,60.31,False,False,True,False,True,True
509,323.91,2024,8,1,2016,357.88,True,False,False,False,False,False
510,462.22,2023,7,1,2020,155.68,False,False,False,False,True,True
511,1245.13,2024,8,2,2018,211.33,False,False,True,False,True,True
512,1420.57,2022,8,2,2019,217.81,False,True,False,False,True,False
513,1073.47,2023,8,0,2020,197.41,True,False,False,False,True,False
514,828.24,2023,3,0,2010,146.18,False,False,False,False,True,True
515,1011.87,2020,2,2,2020,487.57,False,False,False,True,False,False
516,1117.27,2022,6,1,2017,222.88,False,False,True,False,True,True
517,816.03,2021,6,2,2012,10.42,True,False,False,False,True,False
518,84.08,2020,8,0,2015,315.42,False,False,False,True,True,False
519,1388.72,2024,4,1,2023,326.8,False,False,False,True,False,False
520,1231.86,2024,4,0,2019,76.73,True,False,False,False,False,True
521,760.97,2022,5,1,2012,152.83,False,False,False,True,True,True
522,604.69,2021,7,2,2012,193.39,False,False,True,False,True,False
523,763.0,2024,8,1,2019,364.29,False,False,False,True,False,False
524,1346.02,2022,3,1,2017,130.62,False,True,False,False,False,False
525,453.84,2023,3,0,2023,308.23,False,False,False,True,True,True
526,1270.95,2024,2,2,2011,402.3,False,False,False,False,True,True
527,117.05,2021,3,0,2011,39.22,True,False,False,False,True,False
528,547.68,2021,5,1,2021,50.21,False,False,True,False,False,False
529,874.22,2020,6,2,2012,476.56,False,False,False,False,False,True
530,1195.66,2023,2,0,2013,72.41,False,True,False,False,False,False
531,678.92,2024,1,2,2011,486.72,False,False,True,False,False,False
532,513.7,2020,8,1,2018,265.01,False,False,True,False,False,True
533,890.84,2022,8,1,2021,390.01,False,False,False,False,True,False
534,1006.04,2023,7,2,2011,53.54,False,False,True,False,True,True
535,1366.09,2022,1,1,2017,216.0,False,False,True,False,False,True
536,235.76,2022,7,0,2016,470.15,False,False,False,False,False,False
537,179.94,2020,4,1,2014,343.95,False,False,False,True,False,True
538,182.98,2020,6,0,2020,183.38,False,True,False,False,True,False
539,590.49,2024,3,1,2011,233.34,False,False,False,False,True,True
540,74.98,2022,7,0,2022,107.47,False,False,False,False,False,True
541,1470.86,2021,3,2,2013,381.53,False,False,True,False,True,False
542,1418.63,2024,6,0,2022,455.67,False,False,False,True,False,False
543,593.89,2021,1,2,2021,187.31,False,True,False,False,True,False
544,930.84,2020,8,2,2010,453.29,False,False,False,False,False,True
545,588.4,2023,6,0,2015,406.04,True,False,False,False,False,False
546,1180.33,2022,4,0,2022,310.88,False,False,False,True,False,False
547,1103.77,2022,4,2,2011,187.19,False,True,False,False,False,False
548,680.31,2021,1,0,2020,34.38,True,False,False,False,True,False
549,295.83,2021,3,2,2019,110.96,False,False,True,False,False,False
550,1062.6,2022,2,1,2021,182.46,False,True,False,False,True,True
551,747.89,2020,7,2,2020,301.39,False,True,False,False,False,False
552,501.65,2020,6,1,2015,380.43,False,False,False,False,False,False
553,1071.4,2021,5,2,2012,143.65,False,False,False,True,False,True
554,1070.04,2021,8,2,2015,123.95,False,True,False,False,False,False
555,587.24,2024,1,2,2018,455.0,False,False,False,False,True,True
556,485.47,2024,6,2,2018,448.91,False,False,True,False,True,True
557,1467.24,2020,3,2,2017,255.67,False,False,False,True,False,False
558,341.39,2024,1,2,2022,233.36,False,False,False,True,False,True
559,700.38,2020,2,1,2013,455.18,True,False,False,False,False,False
560,1424.33,2023,3,2,2010,188.91,False,False,True,False,False,True
561,1205.43,2020,8,2,2016,199.63,False,False,True,False,False,True
562,1451.98,2020,7,0,2015,23.49,False,False,True,False,True,True
563,1348.63,2020,7,2,2013,414.49,False,False,False,True,True,True
564,217.54,2023,7,0,2023,193.74,True,False,False,False,True,True
565,1257.87,2021,3,2,2010,134.0,False,True,False,False,False,False
566,1291.8,2021,4,0,2014,232.0,True,False,False,False,True,False
567,1362.75,2020,1,2,2010,20.6,False,True,False,False,False,False
568,1059.04,2020,1,1,2015,149.2,False,False,False,False,False,False
569,406.77,2024,4,0,2017,497.23,True,False,False,False,True,True
570,1440.55,2020,3,1,2020,74.45,False,False,False,True,False,True
571,957.54,2022,4,0,2011,72.2,False,False,False,False,True,True
572,859.13,2024,1,1,2010,475.8,False,False,False,False,True,False
573,503.95,2020,2,0,2013,425.48,False,False,False,False,True,True
574,123.89,2022,7,1,2020,123.3,False,True,False,False,True,False
575,157.72,2022,2,2,2018,94.06,True,False,False,False,False,False
576,620.77,2024,5,1,2018,22.1,False,False,True,False,False,True
577,1450.08,2020,2,0,2017,426.76,False,True,False,False,False,False
578,318.83,2021,3,0,2011,298.1,False,False,True,False,True,False
579,1101.28,2023,5,2,2013,210.79,True,False,False,False,False,False
580,890.76,2024,6,2,2010,401.62,False,True,False,False,True,True
581,387.85,2022,1,1,2010,438.15,False,False,True,False,False,True
582,564.13,2023,6,1,2022,426.43,False,True,False,False,False,False
583,1089.87,2022,4,1,2017,64.57,False,False,False,False,False,False
584,1120.88,2022,1,2,2010,271.37,True,False,False,False,False,True
585,417.09,2020,6,2,2020,113.89,False,False,False,True,True,True
586,1353.78,2024,3,2,2012,425.42,False,False,False,False,False,True
587,856.01,2023,7,1,2019,318.42,False,False,True,False,True,False
588,74.28,2020,3,2,2017,110.91,True,False,False,False,True,True
589,337.6,2023,4,2,2021,430.84,False,False,True,False,False,False
590,1117.06,2024,7,0,2021,391.96,False,False,False,True,False,True
591,129.11,2021,6,1,2011,137.67,False,False,True,False,True,True
592,1127.73,2020,6,2,2018,32.5,False,False,False,True,True,False
593,434.41,2022,6,0,2020,444.85,False,False,True,False,True,False
594,426.61,2021,2,2,2013,288.28,False,False,False,True,True,True
595,710.6,2020,4,2,2011,479.49,False,False,False,False,True,False
596,807.67,2024,4,1,2012,14.95,False,True,False,False,True,True
597,422.5,2020,4,1,2013,133.29,False,False,False,False,True,False
598,901.24,2023,5,1,2017,86.59,False,False,True,False,True,True
599,996.1,2023,5,1,2019,250.08,False,False,False,True,True,True
600,222.72,2024,8,2,2015,143.52,False,True,False,False,True,True
601,739.01,2020,3,2,2012,277.47,False,False,False,False,True,False
602,1488.63,2023,1,0,2013,95.7,False,True,False,False,True,False
603,830.14,2020,3,0,2018,218.31,False,True,False,False,False,True
604,1360.91,2023,3,1,2013,139.13,False,True,False,False,False,False
605,1026.22,2021,7,2,2021,108.14,False,False,True,False,True,False
606,689.33,2020,5,0,2010,341.7,False,False,True,False,True,False
607,50.74,2021,8,1,2017,241.45,False,False,False,True,False,False
608,181.45,2023,3,1,2017,464.75,False,False,True,False,False,True
609,389.26,2023,5,2,2013,358.02,False,False,False,True,False,True
610,339.68,2024,8,0,2023,180.62,False,False,False,True,False,True
611,299.22,2022,2,1,2011,287.11,False,False,True,False,True,False
612,711.71,2022,1,1,2016,141.3,False,False,False,False,False,True
613,258.85,2023,3,0,2023,149.83,False,False,True,False,True,False
614,959.31,2024,1,1,2013,422.9,False,False,False,False,False,False
615,362.18,2023,4,1,2021,22.6,True,False,False,False,True,True
616,1022.51,2022,2,2,2021,218.84,False,False,False,True,True,True
617,1087.66,2023,1,2,2021,466.9,False,False,False,True,True,False
618,1383.67,2024,3,2,2016,372.48,False,False,False,True,True,True
619,916.77,2020,3,2,2014,94.99,False,False,False,True,False,True
620,794.06,2020,3,2,2017,493.51,False,False,True,False,True,True
621,1101.17,2022,3,0,2016,280.71,False,False,False,True,True,True
622,1395.91,2021,6,0,2018,66.07,False,False,False,True,True,True
623,668.76,2023,2,2,2011,316.27,False,False,False,True,True,True
624,1222.03,2021,8,0,2021,311.59,False,False,False,True,False,False
625,1290.07,2021,8,0,2015,249.95,False,False,True,False,True,True
626,848.94,2022,4,2,2021,178.62,False,False,False,True,True,False
627,343.39,2024,7,1,2015,331.3,False,False,False,True,True,False
628,660.1,2024,2,1,2021,320.43,True,False,False,False,True,True
629,1135.58,2023,6,1,2013,72.36,False,True,False,False,True,True
630,784.31,2024,2,0,2015,305.0,True,False,False,False,False,True
631,1177.81,2020,5,0,2016,379.73,True,False,False,False,False,False
632,1235.84,2024,7,1,2013,329.12,False,False,False,True,False,True
633,927.41,2022,1,1,2017,67.35,False,False,True,False,True,False
634,1042.19,2024,3,1,2021,260.05,True,False,False,False,True,False
635,874.6,2021,8,2,2014,492.11,False,False,False,True,True,False
636,971.34,2020,8,2,2020,426.38,False,True,False,False,False,True
637,1185.11,2020,3,2,2017,209.73,False,False,True,False,False,False
638,1484.63,2022,6,1,2022,180.59,True,False,False,False,True,True
639,1356.99,2023,4,2,2015,457.52,False,False,False,True,True,True
640,1237.05,2020,4,0,2015,317.21,False,False,False,False,True,True
641,110.45,2020,1,0,2015,24.58,False,False,False,True,True,False
642,517.72,2020,8,2,2012,357.91,True,False,False,False,True,False
643,981.16,2022,8,1,2015,150.51,False,False,False,False,False,False
644,1300.31,2020,1,0,2018,191.05,False,False,False,True,False,True
645,913.29,2022,2,2,2020,443.63,False,False,False,True,True,False
646,1262.26,2024,6,2,2023,81.47,False,False,True,False,True,True
647,86.48,2024,5,2,2021,282.14,False,False,False,True,True,False
648,364.65,2024,1,2,2020,467.6,False,False,False,False,True,False
649,557.0,2022,2,0,2011,174.22,False,False,False,False,True,False
650,97.32,2024,1,1,2019,374.78,False,False,False,True,False,False
651,1377.42,2023,5,1,2017,458.71,False,False,True,False,False,False
652,1133.07,2020,8,2,2013,13.63,False,False,False,True,True,True
653,777.57,2020,6,2,2019,30.35,True,False,False,False,False,False
654,928.81,2024,5,2,2011,460.47,False,False,True,False,False,False
655,956.39,2023,5,2,2010,405.8,False,False,False,True,False,True
656,626.25,2024,1,2,2015,155.22,False,False,False,True,False,True
657,1027.37,2024,3,1,2023,117.92,True,False,False,False,True,True
658,1011.05,2022,7,0,2012,360.74,False,True,False,False,False,True
659,286.07,2020,3,0,2020,311.13,False,False,False,False,False,False
660,1189.32,2021,4,0,2021,57.84,False,False,False,False,True,True
661,887.2,2023,6,1,2015,121.86,False,True,False,False,True,False
662,1100.77,2020,1,2,2013,192.25,False,False,False,False,False,True
663,965.89,2022,1,1,2013,92.12,False,False,True,False,True,False
664,393.01,2024,8,1,2022,485.06,False,True,False,False,False,True
665,1112.76,2024,6,2,2022,110.24,False,False,True,False,False,False
666,716.3,2022,6,2,2017,192.01,True,False,False,False,True,False
667,458.16,2024,3,0,2012,296.43,False,False,True,False,False,False
668,1056.09,2020,6,2,2018,404.78,True,False,False,False,False,False
669,1472.76,2023,1,1,2012,404.59,False,True,False,False,True,True
670,290.25,2024,3,1,2023,172.64,False,False,False,True,False,True
671,1013.77,2024,2,0,2010,355.92,False,True,False,False,True,False
672,1441.25,2022,1,2,2013,480.67,False,False,False,False,False,False
673,1346.47,2020,1,2,2014,56.17,False,False,False,True,False,True
674,1206.11,2020,6,2,2014,267.54,False,False,True,False,False,False
675,433.91,2022,3,0,2010,328.67,True,False,False,False,False,True
676,972.83,2023,6,2,2021,201.19,True,False,False,False,False,True
677,425.88,2021,3,0,2021,474.97,False,False,False,False,False,True
678,66.7,2023,7,1,2019,66.54,False,False,True,False,False,False
679,823.19,2021,7,2,2016,55.96,False,False,False,True,True,False
680,1454.16,2021,2,1,2018,235.81,False,False,False,False,False,False
681,308.65,2020,1,2,2015,48.78,False,False,True,False,True,True
682,549.62,2023,8,0,2023,70.37,False,False,False,True,True,True
683,660.79,2022,1,2,2010,14.58,False,False,False,True,False,False
684,1472.38,2020,7,2,2010,281.57,False,False,False,True,True,False
685,954.5,2021,6,0,2010,436.23,True,False,False,False,False,False
686,956.3,2024,7,2,2017,441.74,False,True,False,False,False,False
687,318.79,2020,5,0,2015,64.17,False,False,True,False,False,False
688,1348.5,2021,1,0,2017,107.01,False,True,False,False,True,True
689,1340.21,2024,1,2,2021,390.15,False,False,False,True,True,True
690,1355.38,2021,1,2,2013,253.95,False,True,False,False,False,False
691,1251.95,2024,2,1,2019,59.72,False,True,False,False,False,True
692,731.01,2022,8,0,2019,286.13,False,False,False,False,True,False
693,199.71,2024,1,1,2010,282.96,False,False,False,False,True,False
694,1198.5,2022,4,2,2010,241.28,False,True,False,False,True,False
695,1197.54,2020,5,2,2016,468.34,False,False,False,False,False,False
696,907.63,2021,5,1,2010,135.81,True,False,False,False,True,False
697,284.54,2022,3,2,2014,484.06,False,False,False,False,True,True
698,701.91,2021,3,1,2018,50.93,True,False,False,False,False,True
699,1010.76,2024,4,0,2011,122.21,False,False,False,False,False,True
700,870.26,2022,1,0,2021,87.51,False,False,True,False,True,True
701,1100.31,2024,8,1,2012,27.55,False,True,False,False,False,False
702,1372.4,2022,8,2,2020,364.64,False,False,False,False,True,False
703,820.44,2024,2,1,2017,186.36,False,False,True,False,False,False
704,539.62,2022,7,2,2020,355.94,True,False,False,False,True,False
705,412.06,2021,3,0,2010,338.28,True,False,False,False,True,True
706,101.46,2024,5,0,2014,124.71,False,False,False,True,True,True
707,659.43,2023,2,0,2014,78.47,False,False,True,False,False,True
708,342.48,2023,5,2,2022,286.86,False,True,False,False,True,True
709,1035.46,2021,8,1,2016,17.58,False,False,False,False,True,True
710,1481.86,2021,1,1,2014,334.54,False,False,True,False,False,True
711,298.5,2020,4,0,2011,461.94,False,False,True,False,True,True
712,398.67,2021,1,0,2014,25.52,True,False,False,False,True,False
713,115.93,2021,2,1,2016,39.91,False,False,True,False,False,True
714,1236.79,2023,5,0,2017,316.2,False,False,False,False,True,False
715,326.61,2024,3,0,2018,371.59,False,False,False,False,True,False
716,701.2,2021,8,2,2020,494.25,False,True,False,False,True,False
717,791.31,2024,6,1,2015,243.23,False,True,False,False,False,True
718,770.99,2023,4,0,2013,301.66,True,False,False,False,False,False
719,852.62,2024,2,2,2012,283.09,False,True,False,False,False,True
720,486.65,2024,5,1,2017,127.73,False,False,False,True,True,False
721,559.76,2022,8,0,2021,276.55,True,False,False,False,False,True
722,261.94,2022,8,0,2013,104.08,False,False,False,False,False,True
723,934.04,2022,4,1,2016,107.76,True,False,False,False,True,False
724,1494.96,2021,7,1,2013,331.45,False,True,False,False,False,False
725,1128.55,2024,4,2,2024,108.77,False,True,False,False,True,False
726,687.45,2023,7,1,2012,334.92,False,True,False,False,True,False
727,930.46,2024,4,0,2015,106.94,False,True,False,False,True,False
728,153.02,2022,7,2,2022,176.33,True,False,False,False,True,True
729,554.0,2022,3,2,2016,27.97,False,False,False,True,False,True
730,886.67,2024,8,1,2024,220.85,False,False,True,False,False,True
731,735.49,2023,6,2,2021,104.03,False,False,False,False,False,True
732,57.04,2024,5,1,2024,264.3,True,False,False,False,False,True
733,354.79,2024,5,1,2013,298.02,False,False,False,True,False,False
734,183.68,2024,4,2,2023,18.21,False,True,False,False,True,False
735,1371.51,2023,6,2,2010,343.43,True,False,False,False,True,True
736,198.37,2020,2,0,2018,497.1,False,False,False,True,False,True
737,862.68,2020,4,0,2016,155.53,False,False,False,False,True,False
738,874.81,2021,6,0,2020,363.83,False,False,True,False,True,True
739,344.75,2020,2,2,2017,206.99,False,False,True,False,False,True
740,291.76,2021,2,0,2010,291.97,False,False,False,True,False,True
741,320.1,2023,8,1,2023,70.91,False,False,True,False,True,False
742,306.52,2024,1,1,2020,145.83,False,True,False,False,True,True
743,918.1,2021,2,2,2010,56.64,True,False,False,False,False,False
744,833.79,2023,2,2,2014,462.06,True,False,False,False,False,False
745,247.42,2022,8,0,2019,56.71,False,False,True,False,False,True
746,1247.58,2024,3,0,2014,292.31,False,False,False,False,True,False
747,938.12,2023,3,2,2023,116.63,False,False,True,False,False,True
748,1014.53,2023,6,2,2013,396.33,False,False,True,False,False,True
749,667.21,2023,2,0,2022,261.85,False,False,False,False,True,True
750,1330.48,2024,8,1,2011,61.54,False,True,False,False,True,True
751,619.87,2020,2,2,2012,337.45,True,False,False,False,False,True
752,820.83,2024,2,1,2011,309.22,True,False,False,False,True,False
753,729.36,2023,7,2,2019,41.21,False,False,False,True,False,False
754,1387.33,2023,5,2,2020,113.4,True,False,False,False,True,True
755,376.4,2020,3,0,2019,110.49,False,False,True,False,True,False
756,485.51,2023,3,2,2022,417.43,False,False,False,True,False,True
757,161.34,2021,8,0,2010,346.27,False,False,False,False,False,True
758,644.03,2023,1,0,2013,393.65,False,True,False,False,False,True
759,1026.6,2024,2,2,2014,345.63,False,False,False,False,True,True
760,539.52,2020,8,0,2010,16.12,False,False,True,False,False,False
761,1281.57,2021,5,1,2016,282.6,True,False,False,False,False,False
762,1179.78,2020,2,1,2013,446.26,False,False,False,True,True,False
763,221.33,2021,2,0,2019,27.49,False,True,False,False,False,False
764,890.8,2022,1,0,2019,110.53,False,False,False,False,False,True
765,1061.99,2020,8,1,2013,118.86,False,False,False,False,True,True
766,199.71,2020,6,0,2016,313.14,False,False,True,False,False,True
767,57.82,2024,8,0,2011,126.11,False,False,False,False,False,False
768,351.58,2023,8,2,2013,481.3,True,False,False,False,False,False
769,1355.43,2022,4,2,2021,285.09,False,False,False,False,False,True
770,261.83,2020,8,0,2016,281.26,False,False,False,True,True,False
771,1346.98,2021,3,2,2020,184.69,False,False,False,True,True,False
772,1344.06,2020,1,1,2013,408.55,False,True,False,False,False,False
773,316.89,2023,5,2,2013,396.88,False,False,True,False,True,True
774,855.03,2023,1,1,2022,93.04,True,False,False,False,True,True
775,524.57,2020,1,1,2017,57.28,True,False,False,False,False,False
776,525.59,2020,6,1,2011,183.98,False,True,False,False,True,True
777,955.43,2020,3,0,2017,441.14,False,False,False,False,True,False
778,1077.81,2021,2,2,2011,111.29,False,False,True,False,False,True
779,1375.37,2021,5,2,2019,177.69,False,True,False,False,False,True
780,963.7,2023,5,1,2010,37.82,False,False,False,True,False,False
781,1226.96,2024,7,1,2022,313.35,False,False,False,False,False,False
782,802.0,2021,4,0,2011,322.55,False,True,False,False,True,True
783,256.31,2024,6,0,2023,17.17,False,False,False,False,False,True
784,372.48,2024,3,0,2022,316.9,False,False,True,False,False,True
785,1337.9,2022,2,0,2012,477.06,False,False,False,True,False,True
786,400.98,2023,3,2,2012,265.21,True,False,False,False,False,False
787,104.98,2021,8,0,2010,367.56,True,False,False,False,False,True
788,563.93,2022,2,2,2016,467.98,False,False,True,False,False,True
789,346.45,2022,1,0,2013,212.42,False,False,False,False,True,True
790,517.26,2022,8,0,2010,117.7,False,False,False,True,True,True
791,1086.17,2023,8,0,2017,452.84,False,False,True,False,False,True
792,1173.93,2020,2,1,2011,245.22,False,True,False,False,False,False
793,239.67,2021,2,0,2016,499.31,False,False,False,False,False,False
794,659.36,2020,1,0,2012,80.94,False,True,False,False,True,False
795,570.72,2023,4,1,2014,75.91,True,False,False,False,True,False
796,1239.14,2022,4,0,2019,19.57,False,False,True,False,True,True
797,174.41,2022,7,1,2015,70.23,False,False,False,False,True,False
798,650.9,2020,7,1,2011,225.61,False,False,False,False,True,True
799,754.79,2023,5,0,2017,67.15,False,True,False,False,True,False
800,1244.34,2023,1,1,2011,357.88,False,False,False,False,False,True
801,580.56,2020,6,2,2020,39.9,False,False,False,True,False,True
802,820.58,2021,8,2,2021,49.89,True,False,False,False,False,True
803,190.7,2023,3,2,2023,329.71,False,False,False,False,False,True
804,192.78,2021,3,1,2015,388.89,False,False,False,False,True,True
805,306.56,2024,7,0,2014,293.88,False,True,False,False,True,False
806,387.26,2022,7,1,2015,68.09,True,False,False,False,False,False
807,193.3,2024,8,2,2015,80.2,False,False,True,False,False,True
808,1010.12,2022,5,1,2021,329.8,False,False,True,False,False,True
809,632.37,2022,5,0,2015,227.19,True,False,False,False,False,True
810,1185.5,2020,3,0,2018,90.64,True,False,False,False,True,True
811,247.27,2023,6,0,2013,32.42,False,True,False,False,False,False
812,860.67,2021,3,2,2012,65.01,False,False,True,False,True,True
813,612.23,2021,4,2,2010,341.19,False,True,False,False,False,True
814,1065.32,2023,3,1,2010,487.78,False,False,False,True,False,False
815,167.82,2021,8,2,2017,265.52,False,False,True,False,True,False
816,820.14,2022,7,0,2021,96.2,False,False,False,False,True,False
817,1108.67,2024,4,2,2016,97.47,False,False,False,True,False,True
818,1102.82,2024,8,2,2013,359.16,False,False,False,False,False,True
819,402.12,2023,5,1,2022,181.04,True,False,False,False,False,True
820,426.53,2022,5,2,2021,332.88,False,False,False,False,True,False
821,1398.67,2021,5,2,2011,91.27,False,False,False,False,False,False
822,754.78,2022,8,0,2021,175.59,False,False,True,False,False,False
823,461.04,2024,2,0,2012,453.09,False,False,True,False,False,True
824,623.89,2023,4,1,2017,213.8,False,False,False,True,True,False
825,758.61,2023,8,2,2013,211.94,False,False,True,False,True,True
826,598.91,2024,5,1,2024,486.03,False,False,True,False,True,False
827,707.82,2021,7,1,2014,416.2,False,False,False,True,False,False
828,577.61,2023,4,1,2019,492.35,False,False,True,False,True,False
829,1100.72,2024,5,1,2010,374.34,False,False,False,False,False,False
830,1399.99,2024,6,0,2017,253.86,False,False,True,False,False,True
831,533.45,2023,4,0,2023,232.2,False,False,False,False,False,False
832,118.14,2021,7,1,2020,235.81,False,False,True,False,False,False
833,1179.95,2021,1,1,2015,401.89,False,False,False,False,True,True
834,300.79,2022,8,1,2018,495.09,False,True,False,False,True,True
835,1037.11,2022,6,0,2014,460.0,False,False,True,False,True,False
836,1175.48,2022,3,1,2011,376.02,False,True,False,False,True,True
837,1395.23,2023,1,2,2016,16.76,False,False,False,True,False,True
838,343.75,2021,1,2,2020,462.37,True,False,False,False,False,False
839,812.28,2023,8,2,2011,413.85,False,False,False,False,True,True
840,323.92,2020,6,2,2017,499.83,False,False,True,False,True,False
841,396.2,2024,3,2,2017,438.39,False,False,False,False,False,False
842,429.31,2021,7,0,2013,388.5,False,False,False,True,True,True
843,966.7,2024,8,1,2021,154.26,False,True,False,False,True,True
844,638.32,2024,1,1,2024,444.83,True,False,False,False,True,False
845,413.4,2020,2,0,2016,370.66,False,False,False,True,True,False
846,1035.83,2020,3,2,2013,98.5,False,False,False,True,True,False
847,1074.31,2022,6,0,2022,459.13,False,False,False,False,True,True
848,1229.04,2020,3,1,2013,163.48,False,False,True,False,True,False
849,1293.5,2023,3,0,2012,148.49,False,True,False,False,False,False
850,854.26,2020,4,0,2018,214.69,False,False,False,False,False,True
851,1313.73,2024,1,0,2015,372.82,False,False,False,True,False,True
852,71.02,2022,2,0,2016,118.49,False,False,True,False,True,True
853,1396.64,2020,5,2,2014,209.43,False,False,False,True,False,True
854,543.72,2022,2,0,2022,50.91,False,True,False,False,False,True
855,728.64,2020,6,1,2013,349.71,True,False,False,False,False,False
856,541.52,2020,5,1,2012,18.74,False,False,False,True,True,True
857,950.43,2023,6,1,2022,299.94,False,False,True,False,True,True
858,1263.37,2023,1,2,2013,222.94,False,False,False,False,False,False
859,417.35,2020,5,1,2010,242.65,False,False,False,False,True,False
860,1425.33,2021,8,1,2019,251.43,True,False,False,False,False,True
861,152.17,2023,6,0,2013,309.44,False,True,False,False,False,True
862,823.03,2021,4,2,2014,206.99,False,False,False,True,True,True
863,1215.14,2022,6,1,2012,122.26,True,False,False,False,False,True
864,141.65,2023,1,2,2022,342.38,False,False,True,False,True,True
865,914.09,2021,4,0,2013,401.25,False,False,False,True,False,False
866,136.65,2022,4,1,2019,441.45,True,False,False,False,False,True
867,500.0,2024,2,0,2019,197.48,False,False,True,False,True,True
868,765.49,2022,3,0,2011,459.54,False,True,False,False,False,True
869,674.98,2021,7,2,2012,90.51,False,False,False,True,True,False
870,974.13,2020,6,1,2018,302.85,False,False,False,False,False,False
871,367.1,2023,1,1,2019,376.82,True,False,False,False,True,False
872,993.58,2021,7,0,2020,84.14,False,True,False,False,False,True
873,318.37,2023,5,0,2010,413.86,False,False,True,False,False,True
874,1305.02,2021,2,1,2011,87.44,False,True,False,False,True,False
875,658.81,2021,8,2,2020,393.39,False,False,True,False,True,False
876,1403.52,2024,6,2,2023,204.42,False,False,False,True,True,False
877,334.2,2024,7,1,2020,304.71,False,False,False,False,True,True
878,797.6,2022,6,1,2015,184.79,False,False,False,False,False,False
879,386.32,2021,8,2,2016,373.91,False,False,False,True,True,False
880,1191.39,2024,4,0,2022,411.31,True,False,False,False,True,False
881,1359.17,2024,5,2,2012,309.45,False,False,True,False,False,False
882,1465.26,2023,8,0,2021,482.89,False,False,False,False,False,False
883,863.49,2022,8,1,2022,134.01,False,True,False,False,True,True
884,791.14,2024,1,1,2023,268.95,False,True,False,False,True,False
885,1323.12,2023,4,1,2022,168.23,True,False,False,False,False,False
886,1381.27,2021,5,1,2013,276.23,False,True,False,False,True,True
887,663.8,2021,7,0,2020,21.35,True,False,False,False,False,True
888,751.24,2022,4,2,2011,11.02,False,False,True,False,True,False
889,923.21,2022,4,2,2022,399.19,False,False,False,False,True,False
890,828.1,2020,8,1,2014,286.78,False,False,True,False,False,False
891,141.13,2023,4,0,2018,149.97,False,True,False,False,True,True
892,309.89,2023,2,0,2011,460.9,False,True,False,False,False,False
893,745.57,2020,8,0,2020,247.1,False,False,False,True,True,False
894,75.93,2020,5,2,2012,265.66,False,True,False,False,False,True
895,660.67,2022,3,2,2019,344.5,True,False,False,False,True,True
896,1255.29,2020,8,0,2017,343.01,False,False,False,True,True,False
897,77.93,2024,6,2,2016,164.96,False,False,False,True,True,False
898,655.6,2020,5,1,2013,62.25,False,True,False,False,False,True
899,367.51,2022,6,1,2019,46.91,True,False,False,False,False,False
900,473.84,2020,3,0,2015,217.49,False,False,True,False,False,True
901,1459.86,2021,3,1,2020,153.98,False,True,False,False,True,True
902,1304.51,2023,5,0,2020,203.89,False,False,True,False,False,False
903,967.56,2023,5,0,2010,420.09,False,True,False,False,True,False
904,985.36,2021,2,1,2020,29.59,False,False,False,True,True,False
905,124.09,2020,1,2,2010,345.84,True,False,False,False,False,True
906,106.38,2020,1,1,2014,471.29,False,True,False,False,False,False
907,842.73,2024,3,0,2021,419.23,False,True,False,False,True,False
908,359.5,2022,8,0,2010,227.65,False,False,False,False,False,True
909,545.04,2021,2,2,2013,188.3,True,False,False,False,False,True
910,1461.18,2022,7,2,2018,388.04,True,False,False,False,True,True
911,497.04,2023,7,1,2012,126.7,False,True,False,False,True,False
912,610.58,2023,4,2,2017,231.64,False,False,False,False,False,True
913,61.65,2023,3,2,2018,422.86,False,False,False,False,False,True
914,1182.2,2020,1,2,2017,113.16,True,False,False,False,True,False
915,788.53,2021,6,0,2021,478.82,False,False,False,True,False,False
916,93.25,2021,7,2,2014,252.95,False,True,False,False,False,True
917,748.54,2021,7,1,2010,240.58,False,False,False,True,True,False
918,892.89,2021,3,2,2021,93.39,False,True,False,False,True,False
919,164.92,2024,2,1,2018,299.92,False,False,True,False,False,False
920,95.51,2022,5,0,2011,166.81,False,False,False,True,True,False
921,271.41,2023,5,1,2012,63.89,False,False,True,False,False,True
922,445.31,2022,6,0,2019,117.02,False,True,False,False,False,True
923,148.3,2023,7,1,2015,182.85,False,False,True,False,True,False
924,531.76,2021,6,0,2021,25.67,False,False,True,False,False,False
925,1496.45,2020,2,0,2010,102.78,True,False,False,False,True,True
926,396.15,2020,1,1,2018,266.87,True,False,False,False,True,False
927,297.37,2024,5,0,2020,424.14,False,False,False,True,False,True
928,579.79,2023,3,2,2019,163.41,False,False,False,True,False,True
929,328.87,2022,5,0,2021,298.2,False,False,False,True,False,False
930,799.88,2024,6,0,2021,177.55,False,False,False,True,False,False
931,1084.37,2020,6,1,2018,95.06,False,False,False,True,False,True
932,277.03,2024,8,0,2011,435.22,False,False,True,False,False,True
933,640.56,2020,6,0,2011,339.4,True,False,False,False,False,True
934,775.92,2022,3,2,2015,166.79,False,True,False,False,False,True
935,216.46,2024,5,2,2012,144.29,False,True,False,False,True,False
936,236.1,2024,6,0,2014,150.42,False,False,False,True,False,True
937,241.75,2022,7,1,2022,146.36,False,False,False,True,True,True
938,968.75,2024,2,2,2012,242.77,False,False,True,False,False,True
939,248.28,2024,2,2,2013,272.79,False,False,False,True,False,True
940,462.52,2024,4,2,2021,263.66,True,False,False,False,False,False
941,1316.79,2020,2,0,2018,416.78,False,True,False,False,False,True
942,1010.32,2022,2,2,2021,401.9,False,False,False,True,False,False
943,1091.47,2021,6,0,2019,345.76,False,False,False,False,False,False
944,1424.36,2021,1,2,2021,184.94,False,False,False,True,False,False
945,630.56,2022,3,1,2015,491.41,False,False,True,False,False,True
946,853.16,2021,6,0,2019,136.3,False,False,True,False,True,False
947,723.62,2023,7,0,2019,137.27,True,False,False,False,False,True
948,318.74,2022,6,0,2017,187.16,False,True,False,False,True,True
949,978.75,2021,4,1,2013,454.84,False,True,False,False,True,False
950,684.69,2020,4,1,2012,324.47,False,False,True,False,True,True
951,581.13,2024,4,1,2020,202.93,True,False,False,False,False,True
952,247.48,2020,2,1,2019,302.65,False,False,True,False,False,False
953,661.68,2023,4,0,2022,472.56,False,False,True,False,True,True
954,1203.63,2023,2,0,2019,371.92,False,True,False,False,True,True
955,1472.61,2023,7,2,2016,43.18,True,False,False,False,True,False
956,1343.52,2023,6,1,2019,446.65,False,True,False,False,False,True
957,102.85,2024,3,2,2019,296.81,False,True,False,False,False,True
958,1386.19,2023,5,2,2017,94.08,False,False,False,False,False,False
959,77.6,2023,5,0,2015,417.87,False,False,True,False,False,False
960,775.65,2020,6,0,2015,10.63,True,False,False,False,True,False
961,1193.07,2021,4,0,2014,468.66,True,False,False,False,True,False
962,1016.76,2023,1,0,2023,109.81,True,False,False,False,False,False
963,851.44,2020,7,1,2019,144.56,False,False,False,False,True,True
964,1356.37,2021,2,1,2011,441.62,False,False,False,True,False,True
965,818.07,2021,8,0,2017,247.39,False,False,False,False,True,True
966,1351.17,2022,1,0,2016,261.96,False,True,False,False,False,False
967,1037.34,2021,2,0,2016,381.68,False,False,True,False,False,False
968,518.44,2022,3,2,2015,256.83,False,True,False,False,False,True
969,467.68,2021,1,2,2010,491.29,False,True,False,False,True,True
970,264.24,2023,6,2,2022,264.97,False,False,True,False,False,False
971,300.81,2023,5,1,2023,66.12,False,False,False,False,True,False
972,1176.43,2024,3,0,2010,432.21,False,False,True,False,False,False
973,997.36,2022,8,1,2020,476.62,False,False,False,True,True,False
974,1430.47,2024,1,1,2021,456.36,True,False,False,False,False,False
975,670.06,2024,6,2,2014,227.32,False,True,False,False,False,False
976,1021.04,2024,2,2,2020,208.63,False,False,False,True,True,False
977,1090.11,2022,5,2,2010,90.24,False,False,True,False,True,True
978,102.21,2020,2,1,2014,361.77,False,True,False,False,False,True
979,1235.23,2021,5,1,2020,474.51,False,False,False,False,False,False
980,709.11,2022,1,2,2019,159.32,False,False,True,False,False,True
981,1202.68,2020,3,0,2012,61.36,True,False,False,False,False,False
982,1484.38,2022,5,0,2016,469.13,False,False,False,True,False,False
983,689.16,2023,3,0,2019,57.95,True,False,False,False,True,False
984,1365.8,2020,2,0,2011,165.63,False,False,False,True,True,True
985,764.69,2021,8,0,2010,240.57,True,False,False,False,True,False
986,1032.4,2023,3,2,2013,92.13,False,False,True,False,False,True
987,72.69,2022,6,0,2014,472.22,True,False,False,False,False,False
988,721.55,2020,7,0,2010,163.53,False,False,True,False,True,True
989,1111.92,2021,7,0,2020,111.27,False,False,True,False,True,True
990,870.61,2024,7,1,2012,429.35,False,False,True,False,True,True
991,978.57,2022,5,0,2013,290.68,False,False,False,True,True,False
992,1174.7,2021,6,1,2021,107.58,True,False,False,False,False,True
993,1013.88,2021,2,1,2021,495.07,False,False,False,False,True,False
994,272.15,2022,6,0,2022,394.18,False,True,False,False,False,True
995,1056.65,2021,6,2,2018,307.67,False,False,False,True,True,False
996,1182.33,2020,2,0,2019,125.96,False,False,False,True,False,False
997,417.88,2023,6,2,2010,273.25,False,False,False,True,False,True
998,258.91,2020,7,2,2017,224.35,False,False,False,False,True,True
999,455.84,2020,7,1,2013,252.97,False,False,False,False,True,False
